魹ｽ魹ｽ魹ｽ魹ｽ,魹ｽ魹ｽﾈ｣魹ｽ魹ｽ,魹ｽ魹ｽ魹ｽ魹ｽ魹ｽ魹ｽ(魹ｽ魹ｽ魹ｽ魹ｽ)
1,魹ｽ魹ｽ魹ｽ 魹ｽ魹ｽﾆｮ魹ｽﾏｽ魹ｽﾅｬ魹ｽ魹ｽ,魹ｽ魹ｽ魹ｽ魹ｽﾆｯ魹ｽ魹ｽ魹ｽ魹ｽ 魹ｽ魹ｽ弇ｸ 魹ｽ魹ｽ魹ｽ魹ｽ魹ｽ魹ｽ 216-12 魹ｽﾗｸ魹ｽ魹ｽ魹ｽ魹ｽ魹ｽ 
2,AK魹ｽ豨ｿ魹ｽ魹ｽ魹ｽ羮ｾ魹ｽ魹ｽ,魹ｽ魹ｽ魹ｽ魹ｽﾆｯ魹ｽ魹ｽ魹ｽ魹ｽ 魹ｽ魹ｽ弇ｸ 魹ｽ魹ｽ弶ｿ2魹ｽ魹ｽ 23 
3,魹ｽ魹ｽ魹ｽﾏｽ魹ｽ魹ｽ魹ｽ,魹ｽ魹ｽ魹ｽ魹ｽﾆｯ魹ｽ魹ｽ魹ｽ魹ｽ 魹ｽ魹ｽ弇ｸ 魹ｽ魹ｽ魹ｽﾂｿ魹ｽ魹ｽ魹ｽ 226-3 魹ｽ魹ｽ魹ｽ魹ｽ1魹ｽ魹ｽ 
4,魹ｽ魹ｽ魹ｽ魹ｽ魹ｽ魹ｽ魹ｽ魹ｽ魹ｽ魹ｽ,魹ｽ魹ｽ魹ｽ魹ｽﾆｯ魹ｽ魹ｽ魹ｽ魹ｽ 魹ｽ魹ｽ弇ｸ 魹ｽ魹ｽﾈｿ魹ｽ魹ｽ4魹ｽ魹ｽ 142-1 2.3魹ｽ魹ｽ 
5,魹ｽ魹ｽ魹ｽ魹ｽ 魹ｽ魹ｽ魹ｽﾏｽ魹ｽ魹ｽ魹ｽ魹ｽ魹ｽ,魹ｽ魹ｽ魹ｽ魹ｽﾆｯ魹ｽ魹ｽ魹ｽ魹ｽ 魹ｽ魹ｽ弇ｸ 魹ｽﾑｳ魹ｽ魹ｽ魹ｽ 657-201 
6,J魹ｽ鬭ｺﾅｬ魹ｽ魹ｽ,魹ｽ魹ｽ魹ｽ魹ｽﾆｯ魹ｽ魹ｽ魹ｽ魹ｽ 魹ｽ魹ｽ弇ｸ 魹ｽﾑｳ魹ｽ魹ｽ魹ｽ 631-5 4魹ｽ魹ｽ 
7,魹ｽ魹ｽﾄｫ魹ｽ魹ｽ 魹ｽ魹ｽﾆｮ魹ｽﾏｽ魹ｽﾅｬ魹ｽ魹ｽ,"魹ｽ魹ｽ魹ｽ魹ｽﾆｯ魹ｽ魹ｽ魹ｽ魹ｽ 魹ｽ魹ｽ弇ｸ 魹ｽ魹ｽ魹ｽ魹ｽ魹ｽ魹ｽ 127-1 2魹ｽ魹ｽ,3魹ｽ魹ｽ "
8,魹ｽ蟾｡魹ｽ魹ｽ魹ｽ魹ｽ魹ｽ魹ｽ魹ｽ魹ｽ魹ｽ魹ｽﾆｮ魹ｽﾏｽ魹ｽﾅｬ魹ｽ魹ｽ,魹ｽ魹ｽ魹ｽ魹ｽﾆｯ魹ｽ魹ｽ魹ｽ魹ｽ 魹ｽ魹ｽ弇ｸ 魹ｽﾑｰ魹ｽ魹ｽ魹ｽ3魹ｽ魹ｽ 40-713 4魹ｽ魹ｽ 
9,魹ｽ魹ｽ魹ｽ魹ｽ,魹ｽ魹ｽ魹ｽ魹ｽﾆｯ魹ｽ魹ｽ魹ｽ魹ｽ 魹ｽ魹ｽ弇ｸ 魹ｽﾑｰ魹ｽ魹ｽ魹ｽ3魹ｽ魹ｽ 16-85 GS魹ｽﾑｰ魹ｽ魹ｽ魹ｽﾅｬ魹ｽ魹ｽﾆｮ 
10,魹ｽ魹ｽ魹ｽ魹ｽﾄ｡ 魹ｽ魹ｽ 魹ｽ魹ｽﾆｮ魹ｽﾏｽ魹ｽ,魹ｽ魹ｽ魹ｽ魹ｽﾆｯ魹ｽ魹ｽ魹ｽ魹ｽ 魹ｽ魹ｽ弇ｸ 魹ｽﾑｳ魹ｽ魹ｽ魹ｽ 96-3 魹ｽﾅｼ魹ｽ魹ｽﾌｼﾒｽ魹ｽﾆｼ 魹ｽ魹ｽ魹ｽ魹ｽ1魹ｽ魹ｽ 
11,魹ｽ櫧ｱ魹ｽ魹ｽ 魹ｽ魹ｽ,魹ｽ魹ｽ魹ｽ魹ｽﾆｯ魹ｽ魹ｽ魹ｽ魹ｽ 魹ｽ魹ｽ弇ｸ ﾃｻ魹ｽﾄｵ魹ｽ3魹ｽ魹ｽ 111-9 ﾄｷ魹ｽﾛｽ魹ｽ魹ｽ魹ｽ魹ｽ魹ｽ魹ｽ魹ｽ 4魹ｽ魹ｽ 
12,魹ｽ魹ｽ魹ｽ魹ｽ魹ｽ魹ｽ魹ｽﾌｽ魹ｽ魹ｽ魹ｽ魹ｽ魹ｽ 魹ｽ魹ｽ魹ｽ魹ｽ魹ｽ魹ｽ,魹ｽ魹ｽ魹ｽ魹ｽﾆｯ魹ｽ魹ｽ魹ｽ魹ｽ 魹ｽ魹ｽ弇ｸ 魹ｽ魹ｽ魹ｽﾌｵ魹ｽ 300-21 魹ｽ魹ｽ魹ｽﾏｺ魹ｽ魹ｽ魹ｽ 魹ｽ魹ｽ魹ｽ魹ｽ1魹ｽ魹ｽ 
13,魹ｽ魹ｽﾆｼ魹ｽ魹ｽ ﾅｩ魹ｽﾎｽ魹ｽ魹ｽ魹ｽ 魹ｽﾑｳ魹ｽ1(Sentinel CrossFit Hannam),魹ｽ魹ｽ魹ｽ魹ｽﾆｯ魹ｽ魹ｽ魹ｽ魹ｽ 魹ｽ魹ｽ弇ｸ 魹ｽﾑｳ魹ｽ魹ｽ魹ｽ 635-1 魹ｽ魹ｽ魹ｽ魹ｽ1魹ｽ魹ｽ 
14,魹ｽ魹ｽ魹ｽ魹ｽ 魹ｽ魹ｽ魹ｽ魹ｽ&魹ｽ魹ｽﾆｮ魹ｽﾏｽ魹ｽ,魹ｽ魹ｽ魹ｽ魹ｽﾆｯ魹ｽ魹ｽ魹ｽ魹ｽ 魹ｽ魹ｽ弇ｸ ﾃｻ魹ｽﾄｵ魹ｽ1魹ｽ魹ｽ 180-24 
15,魹ｽ魹ｽ魹ｽ魹ｽ魹ｽ魹ｽ,魹ｽ魹ｽ魹ｽ魹ｽﾆｯ魹ｽ魹ｽ魹ｽ魹ｽ 魹ｽ魹ｽ弇ｸ 魹ｽ魹ｽ魹ｽ魹ｽ魹ｽ魹ｽ 61-4 
16,魹ｽ魹ｽ魹ｽ魹ｽ魹ｽ魹ｽ,魹ｽ魹ｽ魹ｽ魹ｽﾆｯ魹ｽ魹ｽ魹ｽ魹ｽ 魹ｽ魹ｽ弇ｸ 魹ｽ魹ｽ魹ｽ襍ｿ 40-31 
17,魹ｽ魹ｽ魹ｽ魹ｽ魹ｽﾌｺ魹ｽ 魹ｽ魹ｽ魹ｽﾏｽ魹ｽ,魹ｽ魹ｽ魹ｽ魹ｽﾆｯ魹ｽ魹ｽ魹ｽ魹ｽ 魹ｽ魹ｽ弇ｸ 魹ｽﾑｳ魹ｽ魹ｽ魹ｽ 740-1 
18,H 魹ｽ魹ｽﾆｩ魹ｽ魹ｽ魹ｽ,魹ｽ魹ｽ魹ｽ魹ｽﾆｯ魹ｽ魹ｽ魹ｽ魹ｽ 魹ｽ魹ｽ弇ｸ 魹ｽﾑｳ魹ｽ魹ｽ魹ｽ 79-3 
19,魹ｽ魹ｽﾆｮ魹ｽ魹ｽ,魹ｽ魹ｽ魹ｽ魹ｽﾆｯ魹ｽ魹ｽ魹ｽ魹ｽ 魹ｽ魹ｽ弇ｸ 魹ｽ魹ｽ魹ｽﾌｵ魹ｽ 302-52 LG魹ｽ魹ｽ魹ｽ魹ｽ魹ｽ魹ｽ 
20,Fit In Cool,魹ｽ魹ｽ魹ｽ魹ｽﾆｯ魹ｽ魹ｽ魹ｽ魹ｽ 魹ｽ魹ｽ弇ｸ 魹ｽﾑｳ魹ｽ魹ｽ魹ｽ 657-45 
21,魹ｽ魹ｽﾅｬ魹ｽ魹ｽ 魹ｽ魹ｽ魹ｽ魹ｽ,魹ｽ魹ｽ魹ｽ魹ｽﾆｯ魹ｽ魹ｽ魹ｽ魹ｽ 魹ｽ魹ｽ弇ｸ 魹ｽ魹ｽ魹ｽﾂｿ魹ｽ魹ｽ魹ｽ 646-204 
22,魹ｽ魹ｽ魹ｽﾏｵ魹ｽ 魹ｽ魹ｽﾆｼ,魹ｽ魹ｽ魹ｽ魹ｽﾆｯ魹ｽ魹ｽ魹ｽ魹ｽ 魹ｽ魹ｽ弇ｸ 魹ｽﾑｳ魹ｽ魹ｽ魹ｽ 261-6 
23,Beautiful Evolution,魹ｽ魹ｽ魹ｽ魹ｽﾆｯ魹ｽ魹ｽ魹ｽ魹ｽ 魹ｽ魹ｽ弇ｸ 魹ｽ魹ｽ魹ｽ魹ｽ魹ｽ魹ｽ 216-88 
24,魹ｽ魹ｽ魹ｽ魹ｽ魹ｽﾛｽ魹ｽ魹ｽ魹ｽﾆｮ魹ｽ魹ｽ魹ｽﾌｴ魹ｽ,魹ｽ魹ｽ魹ｽ魹ｽﾆｯ魹ｽ魹ｽ魹ｽ魹ｽ 魹ｽ魹ｽ弇ｸ 魹ｽ魹ｽ弶ｿ5魹ｽ魹ｽ 24-1 
25,PENTACLE,魹ｽ魹ｽ魹ｽ魹ｽﾆｯ魹ｽ魹ｽ魹ｽ魹ｽ 魹ｽ魹ｽ弇ｸ 魹ｽ魹ｽ魹ｽﾚｵ魹ｽ 12 
26,魹ｽ魹ｽ魹ｽ魹ｽﾆｮ魹ｽ魹ｽ魹ｽﾌｴ魹ｽ,魹ｽ魹ｽ魹ｽ魹ｽﾆｯ魹ｽ魹ｽ魹ｽ魹ｽ 魹ｽ魹ｽ弇ｸ 魹ｽﾑｳ魹ｽ魹ｽ魹ｽ 1-307 
27,魹ｽ魹ｽ魹ｽ魹ｽ魹ｽ魹ｽ,魹ｽ魹ｽ魹ｽ魹ｽﾆｯ魹ｽ魹ｽ魹ｽ魹ｽ 魹ｽ魹ｽ弇ｸ 魹ｽ魹ｽ魹ｽ魹ｽ魹ｽ魹ｽ 101-45 
28,魹ｽﾍｰ魹ｽ魹ｽ魹ｽ,魹ｽ魹ｽ魹ｽ魹ｽﾆｯ魹ｽ魹ｽ魹ｽ魹ｽ 魹ｽ魹ｽ弇ｸ 魹ｽ魹ｽ魹ｽﾌｵ魹ｽ 300-301 魹ｽ魹ｽ魹ｽﾍｾ魹ｽ魹ｽ魹ｽﾆｮ 
29,魹ｽ魹ｽﾅｩ魹ｽ魹ｽ魹ｽ 魹ｽ魹ｽ魹ｽﾏｽ魹ｽ 魹ｽ魹ｽﾆｩ魹ｽ魹ｽ魹ｽ,魹ｽ魹ｽ魹ｽ魹ｽﾆｯ魹ｽ魹ｽ魹ｽ魹ｽ 魹ｽ魹ｽ弇ｸ 魹ｽﾑｳ魹ｽ魹ｽ魹ｽ 737-28 魹ｽ魹ｽ魹ｽ魹ｽﾈｼ魹ｽﾅｸ魹ｽ魹ｽ 
30,ﾄｮ魹ｽ魹ｽ魹ｽﾛｽ魹ｽ魹ｽ魹ｽﾆｮ魹ｽ魹ｽ魹ｽﾌｴ魹ｽ,魹ｽ魹ｽ魹ｽ魹ｽﾆｯ魹ｽ魹ｽ魹ｽ魹ｽ 魹ｽ魹ｽ弇ｸ 魹ｽ魹ｽﾈｿ魹ｽ魹ｽ1魹ｽ魹ｽ 39-10 
31,魹ｽ魹ｽ魹ｽ魹ｽ魹ｽ魹ｽ魹ｽ魹ｽ魹ｽ魹ｽ 魹ｽﾛｽ魹ｽ魹ｽ魹ｽ ﾆｮ魹ｽ魹ｽ魹ｽﾌｴ魹ｽ 魹ｽ魹ｽﾆｩ魹ｽ魹ｽ魹ｽ,魹ｽ魹ｽ魹ｽ魹ｽﾆｯ魹ｽ魹ｽ魹ｽ魹ｽ 魹ｽ魹ｽ弇ｸ 魹ｽﾑｳ魹ｽ魹ｽ魹ｽ 1-42 3魹ｽ魹ｽ 
32,魹ｽ魹ｽ魹ｽ魹ｽ魹ｽ魹ｽ(USEWELL),魹ｽ魹ｽ魹ｽ魹ｽﾆｯ魹ｽ魹ｽ魹ｽ魹ｽ 魹ｽ魹ｽ弇ｸ 魹ｽﾑｳ魹ｽ魹ｽ魹ｽ 72-1 
33,魹ｽ魹ｽ魹ｽ魹ｽ魹ｽ魹ｽ,魹ｽ魹ｽ魹ｽ魹ｽﾆｯ魹ｽ魹ｽ魹ｽ魹ｽ 魹ｽ魹ｽ弇ｸ 魹ｽ魹ｽ魹ｽ魹ｽ魹ｽ魹ｽ 217-21 
34,魹ｽ魹ｽ魹ｽ魹ｽ魹ｽ魹ｽ魹ｽ魹ｽ 魹ｽ魹ｽ魹ｽ魹ｽ,魹ｽ魹ｽ魹ｽ魹ｽﾆｯ魹ｽ魹ｽ魹ｽ魹ｽ 魹ｽ魹ｽ弇ｸ 魹ｽ魹ｽ魹ｽﾌｵ魹ｽ 302-61 
35,魹ｽ魹ｽﾆｮ ﾆｮ魹ｽ魹ｽ魹ｽﾌｴﾗｼ魹ｽ魹ｽ魹ｽ,魹ｽ魹ｽ魹ｽ魹ｽﾆｯ魹ｽ魹ｽ魹ｽ魹ｽ 魹ｽ魹ｽ弇ｸ 魹ｽ魹ｽ魹ｽ魹ｽ魹ｽ魹ｽ魹ｽ魹ｽ 241-94 
36,魹ｽ魹ｽ魹ｽ魹ｽ魹ｽ魹ｽ,魹ｽ魹ｽ魹ｽ魹ｽﾆｯ魹ｽ魹ｽ魹ｽ魹ｽ 魹ｽ魹ｽ弇ｸ 魹ｽﾑｳ魹ｽ魹ｽ魹ｽ 33-4 
37,魹ｽ魹ｽ魹ｽ魹ｽ魹ｽ魹ｽﾈｹ,魹ｽ魹ｽ魹ｽ魹ｽﾆｯ魹ｽ魹ｽ魹ｽ魹ｽ 魹ｽ魹ｽ弇ｸ 魹ｽ魹ｽ魹ｽ襍ｿ 260-1 
38,魹ｽ魹ｽ魹ｽ魹ｽ魹ｽ魹ｽ,魹ｽ魹ｽ魹ｽ魹ｽﾆｯ魹ｽ魹ｽ魹ｽ魹ｽ 魹ｽ魹ｽ弇ｸ 魹ｽ魹ｽ魹ｽﾌｵ魹ｽ 300-16 (魹ｽ魹ｽ)魹ｽ魹ｽ魹ｽ鬭ｺﾆｩ魹ｽ魹ｽ魹ｽ 
39,魹ｽ魹ｽ魹ｽ魹ｽ,魹ｽ魹ｽ魹ｽ魹ｽﾆｯ魹ｽ魹ｽ魹ｽ魹ｽ 魹ｽ魹ｽ弇ｸ 魹ｽ魹ｽ魹ｽ魹ｽ魹ｽ魹ｽ魹ｽ魹ｽ 28-15 1魹ｽ魹ｽ 
40,魹ｽ魹ｽ魹ｽ魹ｽ,魹ｽ魹ｽ魹ｽ魹ｽﾆｯ魹ｽ魹ｽ魹ｽ魹ｽ 魹ｽ魹ｽ弇ｸ 魹ｽ魹ｽ魹ｽﾌｵ魹ｽ 300-322 201ﾈ｣
41,魹ｽ魹ｽ魹ｽ魹ｽ魹ｽ魹ｽ魹ｽ魹ｽ 魹ｽ魹ｽﾆｮ魹ｽﾏｽ魹ｽ,魹ｽ魹ｽ魹ｽ魹ｽﾆｯ魹ｽ魹ｽ魹ｽ魹ｽ 魹ｽ魹ｽ弇ｸ 魹ｽﾑｳ魹ｽ魹ｽ魹ｽ 258 魹ｽ魹ｽ魹ｽ㰏ｮ魹ｽ魹ｽﾆｼ魹ｽﾏｿ璨ｺ 
42,魹ｽ魹ｽﾅｩ ﾆｮ魹ｽ魹ｽ魹ｽﾌｴ魹ｽﾅｬ魹ｽ魹ｽ,魹ｽ魹ｽ魹ｽ魹ｽﾆｯ魹ｽ魹ｽ魹ｽ魹ｽ 魹ｽ魹ｽ弇ｸ 魹ｽﾑｳ魹ｽ魹ｽ魹ｽ 76-42 魹ｽ魹ｽ魹ｽﾑｺ魹ｽ魹ｽ魹ｽ 
43,魹ｽ魹ｽ魹ｽ魹ｽ魹ｽﾆｮ魹ｽﾏｽ魹ｽ,魹ｽ魹ｽ魹ｽ魹ｽﾆｯ魹ｽ魹ｽ魹ｽ魹ｽ 魹ｽ魹ｽ弇ｸ ﾈｿﾃ｢魹ｽ魹ｽ 5-121 魹ｽ魹ｽ魹ｽ魹ｽ2魹ｽ魹ｽ 
44,魹ｽ魹ｽ魹ｽ魹ｽ魹ｽ魹ｽ 魹ｽﾛｽ魹ｽ魹ｽ魹ｽﾆｮ魹ｽ魹ｽ魹ｽﾌｴ魹ｽ,魹ｽ魹ｽ魹ｽ魹ｽﾆｯ魹ｽ魹ｽ魹ｽ魹ｽ 魹ｽ魹ｽ弇ｸ 魹ｽﾑｰ魹ｽ魹ｽ魹ｽ3魹ｽ魹ｽ 98 
45,魹ｽ魹ｽ魹ｽ魹ｽ魹ｽﾛｽ魹ｽ魹ｽ魹ｽﾆｮ魹ｽ魹ｽ魹ｽﾌｴ魹ｽ,魹ｽ魹ｽ魹ｽ魹ｽﾆｯ魹ｽ魹ｽ魹ｽ魹ｽ 魹ｽ魹ｽ弇ｸ 魹ｽﾑｳ魹ｽ魹ｽ魹ｽ 707-36 魹ｽﾑｳ魹ｽ魹ｽ魹ｽ魹ｽ魹ｽ魹ｽ魹ｽ 4魹ｽ魹ｽ 
46,魹ｽ魹ｽ魹ｽﾏｵ魹ｽ 魹ｽ魹ｽﾆｮ魹ｽﾏｽ魹ｽ,魹ｽ魹ｽ魹ｽ魹ｽﾆｯ魹ｽ魹ｽ魹ｽ魹ｽ 魹ｽ魹ｽ弇ｸ 魹ｽﾑｳ魹ｽ魹ｽ魹ｽ 261-6 4魹ｽ魹ｽ 402ﾈ｣ 
47,魹ｽ魹ｽ魹ｽ魹ｽ魹ｽ魹ｽ魹ｽ魹ｽ(THIS IS GYM),魹ｽ魹ｽ魹ｽ魹ｽﾆｯ魹ｽ魹ｽ魹ｽ魹ｽ 魹ｽ魹ｽ弇ｸ 魹ｽﾑｳ魹ｽ魹ｽ魹ｽ 736-8 3魹ｽ魹ｽ 
48,魹ｽ魹ｽ魹ｽ魹ｽ魹ｽ魹ｽ魹ｽ魹ｽﾆｮ魹ｽﾏｽ魹ｽ,魹ｽ魹ｽ魹ｽ魹ｽﾆｯ魹ｽ魹ｽ魹ｽ魹ｽ 魹ｽ魹ｽ弇ｸ 魹ｽ魹ｽ魹ｽ魹ｽ魹ｽ魹ｽ 17-1 魹ｽ魹ｽ魹ｽ魹ｽ魹ｽ魹ｽ魹ｽ魹ｽ 魹ｽ魹ｽ魹ｽ魹ｽ1魹ｽ魹ｽ 
49,Sanctuary,"魹ｽ魹ｽ魹ｽ魹ｽﾆｯ魹ｽ魹ｽ魹ｽ魹ｽ 魹ｽ魹ｽ弇ｸ 魹ｽ魹ｽ魹ｽ魹ｽ魹ｽ魹ｽ魹ｽ魹ｽ 7-48 魹ｽ魹ｽ魹ｽ魹ｽﾆｮ, 5魹ｽ魹ｽ "
50,F45 ﾆｮ魹ｽ魹ｽ魹ｽﾌｴ魹ｽ 魹ｽﾑｳ魹ｽ,魹ｽ魹ｽ魹ｽ魹ｽﾆｯ魹ｽ魹ｽ魹ｽ魹ｽ 魹ｽ魹ｽ弇ｸ 魹ｽﾑｳ魹ｽ魹ｽ魹ｽ 258 魹ｽ魹ｽ魹ｽ㰏ｮ魹ｽ魹ｽﾆｼ魹ｽﾏｿ璨ｺ 
51,魹ｽﾙｵ魹ｽ魹ｽ魹ｽ魹ｽ魹ｽ魹ｽ魹ｽ,魹ｽ魹ｽ魹ｽ魹ｽﾆｯ魹ｽ魹ｽ魹ｽ魹ｽ 魹ｽ魹ｽ弇ｸ 魹ｽ魹ｽ魹ｽ魹ｽ魹ｽ魹ｽ 66 魹ｽﾅｾﾆｺ魹ｽ魹ｽ魹ｽ 
52,TIM GYM,魹ｽ魹ｽ魹ｽ魹ｽﾆｯ魹ｽ魹ｽ魹ｽ魹ｽ 魹ｽ魹ｽ弇ｸ 魹ｽﾑｳ魹ｽ魹ｽ魹ｽ 630-9 THE VIII(魹ｽ魹ｽ2:20) 
53,魹ｽ魹ｽ魹ｽﾌｺ魹ｽ魹ｽ魹ｽ 魹ｽ魹ｽ魹ｽﾂｿ魹ｽ魹ｽ魹ｽ魹ｽ魹ｽ,魹ｽ魹ｽ魹ｽ魹ｽﾆｯ魹ｽ魹ｽ魹ｽ魹ｽ 魹ｽ魹ｽ弇ｸ 魹ｽ魹ｽ魹ｽﾂｿ魹ｽ魹ｽ魹ｽ 124-1 魹ｽﾘｾ魹ｽﾆｮ魹ｽ魹ｽ 
54,NEW RUN,魹ｽ魹ｽ魹ｽ魹ｽﾆｯ魹ｽ魹ｽ魹ｽ魹ｽ 魹ｽ魹ｽ弇ｸ 魹ｽﾑｰ魹ｽ魹ｽ魹ｽ2魹ｽ魹ｽ 420 魹ｽ魹ｽ魹ｽﾇｪ魹ｽ魹ｽ魹ｽ魹ｽ魹ｽ魹ｽ魹ｽ魹ｽ魹ｽ 
55,魹ｽ魹ｽ魹ｽ魹ｽ魹ｽ魹ｽ 魹ｽﾅｿ魹ｽ魹ｽ魹ｽ魹ｽ,魹ｽ魹ｽ魹ｽ魹ｽﾆｯ魹ｽ魹ｽ魹ｽ魹ｽ 魹ｽ魹ｽ弇ｸ 魹ｽﾑｰ魹ｽ魹ｽ魹ｽ3魹ｽ魹ｽ 63-70 
56,FIT NOMAD,魹ｽ魹ｽ魹ｽ魹ｽﾆｯ魹ｽ魹ｽ魹ｽ魹ｽ 魹ｽ魹ｽ弇ｸ 魹ｽ魹ｽ魹ｽﾂｿ魹ｽ魹ｽ魹ｽ 164-10 
57,魹ｽ魹ｽ魹ｽﾅｳ魹ｽ魹ｽ魹ｽ,魹ｽ魹ｽ魹ｽ魹ｽﾆｯ魹ｽ魹ｽ魹ｽ魹ｽ 魹ｽ魹ｽ弇ｸ 魹ｽ魹ｽﾈｿ魹ｽ魹ｽ1魹ｽ魹ｽ 133-3 魹ｽ魹ｽﾃｾ魹ｽﾃｾ魹ｽ 魹ｽ魹ｽ魹ｽ 
58,魹ｽ魹ｽ魹ｽ魹ｽ魹ｽﾅｬ,魹ｽ魹ｽ魹ｽ魹ｽﾆｯ魹ｽ魹ｽ魹ｽ魹ｽ 魹ｽ魹ｽ弇ｸ 魹ｽﾑｰ魹ｽ魹ｽ魹ｽ3魹ｽ魹ｽ 63-70 
59,魹ｽ魹ｽ魹ｽ魹ｽ 魹ｽ魹ｽ魹ｽﾏｽ魹ｽ 魹ｽ魹ｽ魹ｽ魹ｽ魹ｽﾌｾ魹ｽ,魹ｽ魹ｽ魹ｽ魹ｽﾆｯ魹ｽ魹ｽ魹ｽ魹ｽ 魹ｽ魹ｽ弇ｸ 魹ｽﾑｳ魹ｽ魹ｽ魹ｽ 78 
60,魹ｽ魹ｽﾆｮ魹ｽ魹ｽ魹ｽ魹ｽ,魹ｽ魹ｽ魹ｽ魹ｽﾆｯ魹ｽ魹ｽ魹ｽ魹ｽ 魹ｽ魹ｽ弇ｸ 魹ｽﾑｰ魹ｽ魹ｽ魹ｽ3魹ｽ魹ｽ 63-70 
61,魹ｽ魹ｽ魹ｽ魹ｽ魹ｽﾆｼﾅｩ魹ｽ魹ｽ,魹ｽ魹ｽ魹ｽ魹ｽﾆｯ魹ｽ魹ｽ魹ｽ魹ｽ 魹ｽ魹ｽ弇ｸ 魹ｽ魹ｽ魹ｽ魹ｽ魹ｽ魹ｽ 259-1 魹ｽ魹ｽﾈ｣魹ｽ魹ｽ魹ｽ魹ｽ 
62,魹ｽﾍｱﾗｷﾎｺ魹ｽ 魹ｽ魹ｽ,魹ｽ魹ｽ魹ｽ魹ｽﾆｯ魹ｽ魹ｽ魹ｽ魹ｽ 魹ｽ魹ｽ弇ｸ 魹ｽﾑｳ魹ｽ魹ｽ魹ｽ 31-10 
63,魹ｽ魹ｽ魹ｽ魹ｽ魹ｽ魹ｽ魹ｽ魹ｽ,魹ｽ魹ｽ魹ｽ魹ｽﾆｯ魹ｽ魹ｽ魹ｽ魹ｽ 魹ｽ魹ｽ弇ｸ 魹ｽ魹ｽﾈｿ魹ｽ魹ｽ1魹ｽ魹ｽ 43-13 魹ｽ魹ｽﾄｫ魹ｽ魹ｽ魹ｽﾌｹ魹ｽﾈｭ魹ｽ魹ｽ 
64,魹ｽ魹ｽ魹ｽ魹ｽ 魹ｽﾑｳ魹ｽ,魹ｽ魹ｽ魹ｽ魹ｽﾆｯ魹ｽ魹ｽ魹ｽ魹ｽ 魹ｽ魹ｽ弇ｸ 魹ｽﾑｳ魹ｽ魹ｽ魹ｽ 737-23 魹ｽ魹ｽ魹ｽﾏｾ魹ｽﾅｸ魹ｽ魹ｽ 
65,魹ｽ魹ｽ魹ｽﾂｿ魹ｽ魹ｽ魹ｽ,魹ｽ魹ｽ魹ｽ魹ｽﾆｯ魹ｽ魹ｽ魹ｽ魹ｽ 魹ｽ魹ｽ弇ｸ 魹ｽ魹ｽ魹ｽﾂｿ魹ｽ魹ｽ魹ｽ 183-1 魹ｽ魹ｽﾈ｣魹ｽ魹ｽ魹ｽ魹ｽ魹ｽ魹ｽ.魹ｽ魹ｽﾈｯ魹ｽ魹ｽ魹ｽ魹ｽ 
66,魹ｽ魹ｽ魹ｽ魹ｽ(魹ｽ魹ｽGYM),魹ｽ魹ｽ魹ｽ魹ｽﾆｯ魹ｽ魹ｽ魹ｽ魹ｽ 魹ｽ魹ｽ弇ｸ 魹ｽﾑｳ魹ｽ魹ｽ魹ｽ 794-7 B1ﾈ｣
67,魹ｽ魹ｽ(1)GYM,魹ｽ魹ｽ魹ｽ魹ｽﾆｯ魹ｽ魹ｽ魹ｽ魹ｽ 魹ｽ魹ｽ弇ｸ 魹ｽﾑｰ魹ｽ魹ｽ魹ｽ3魹ｽ魹ｽ 16-85 魹ｽ魹ｽ魹ｽ魹ｽ魹ｽ魹ｽ 魹ｽﾑｰ魹ｽ魹ｽ魹ｽﾅｬ魹ｽ魹ｽﾆｮ 104ﾈ｣
68,ﾅｩ魹ｽﾎｽ魹ｽ魹ｽ魹ｽ 魹ｽ魹ｽ魹ｽ魹ｽ,魹ｽ魹ｽ魹ｽ魹ｽﾆｯ魹ｽ魹ｽ魹ｽ魹ｽ 魹ｽ魹ｽ弇ｸ 魹ｽ魹ｽ魹ｽ魹ｽ魹ｽ魹ｽ 114-15 17-17 
69,魹ｽ魹ｽ魹ｽ魹ｽPT&魹ｽﾊｶ魹ｽ魹ｽﾗｽ魹ｽ,魹ｽ魹ｽ魹ｽ魹ｽﾆｯ魹ｽ魹ｽ魹ｽ魹ｽ 魹ｽ魹ｽ弇ｸ 魹ｽ魹ｽﾈｿ魹ｽ魹ｽ1魹ｽ魹ｽ 133-3 魹ｽ魹ｽﾃｾ魹ｽﾃｾ魹ｽ 魹ｽ魹ｽ魹ｽ A魹ｽ魹ｽ 210ﾈ｣
70,魹ｽﾙｼ魹ｽ魹ｽﾗｸ魹ｽﾆｼ,魹ｽ魹ｽ魹ｽ魹ｽﾆｯ魹ｽ魹ｽ魹ｽ魹ｽ 魹ｽ魹ｽ弇ｸ 魹ｽﾄｾﾏｵ魹ｽ 358-17 魹ｽ魹ｽ魹ｽ魹ｽ魹ｽ魹ｽ魹ｽ 魹ｽ魹ｽ魹ｽ魹ｽ 201ﾈ｣ 
71,MCT GYM 魹ｽ魹ｽ魹ｽ,魹ｽ魹ｽ魹ｽ魹ｽﾆｯ魹ｽ魹ｽ魹ｽ魹ｽ 魹ｽ魹ｽ弇ｸ ﾃｻ魹ｽﾄｵ魹ｽ3魹ｽ魹ｽ 80-6 魹ｽ魹ｽ魹ｽ魹ｽ B01ﾈ｣ 
72,魹ｽ蟾｡魹ｽ魹ｽ魹ｽ魹ｽ,魹ｽ魹ｽ魹ｽ魹ｽﾆｯ魹ｽ魹ｽ魹ｽ魹ｽ 魹ｽ魹ｽ弇ｸ 魹ｽﾑｳ魹ｽ魹ｽ魹ｽ 107-4 
73,魹ｽ魹ｽ(Sante'),魹ｽ魹ｽ魹ｽ魹ｽﾆｯ魹ｽ魹ｽ魹ｽ魹ｽ 魹ｽ魹ｽ弇ｸ 魹ｽ魹ｽ魹ｽﾌｵ魹ｽ 302-81 
74,魹ｽ魹ｽﾄｫ魹ｽ魹ｽ魹ｽ魹ｽ GDR魹ｽ魹ｽ魹ｽ魹ｽ魹ｽ魹ｽﾄｫ魹ｽ魹ｽ魹ｽ魹ｽ 魹ｽ鬭ｺ,魹ｽ魹ｽ魹ｽ魹ｽﾆｯ魹ｽ魹ｽ魹ｽ魹ｽ 魹ｽ魹ｽ弇ｸ 魹ｽ魹ｽ魹ｽ魹ｽ魹ｽ魹ｽ 92 魹ｽ魹ｽ魹ｽ魹ｽ魹ｽ魹ｽ 
75,魹ｽ魹ｽ魹ｽﾘｸ魹ｽ魹ｽ魹ｽﾆｮ,魹ｽ魹ｽ魹ｽ魹ｽﾆｯ魹ｽ魹ｽ魹ｽ魹ｽ 魹ｽ魹ｽ弇ｸ 魹ｽ魹ｽ魹ｽ魹ｽ魹ｽ魹ｽ 85-3 魹ｽ魹ｽ魹ｽ魹ｽ魹ｽ魹ｽ魹ｽ魹ｽ 
76,魹ｽ魹ｽ魹ｽ檉ｳ魹ｽ魹ｽ,魹ｽ魹ｽ魹ｽ魹ｽﾆｯ魹ｽ魹ｽ魹ｽ魹ｽ 魹ｽ魹ｽ弇ｸ 魹ｽ魹ｽ魹ｽ魹ｽ魹ｽ魹ｽ魹ｽ魹ｽ 7-18 魹ｽ璦ｺ魹ｽ魹ｽ魹ｽ魹ｽ 
77,魹ｽ魹ｽ魹ｽﾊｺ魹ｽ魹ｽ魹ｽ,魹ｽ魹ｽ魹ｽ魹ｽﾆｯ魹ｽ魹ｽ魹ｽ魹ｽ 魹ｽ魹ｽ弇ｸ 魹ｽﾑｰ魹ｽ魹ｽ魹ｽ2魹ｽ魹ｽ 2-8 魹ｽ魹ｽ魹ｽ魹ｽﾞｰ魹ｽﾆｮ魹ｽ魹ｽ魹ｽ魹ｽ 
78,魹ｽ魹ｽ魹ｽ魹ｽ魹ｽ魹ｽ,魹ｽ魹ｽ魹ｽ魹ｽﾆｯ魹ｽ魹ｽ魹ｽ魹ｽ 魹ｽ魹ｽ弇ｸ 魹ｽﾑｰ魹ｽ魹ｽ魹ｽ3魹ｽ魹ｽ 49-2 
79,魹ｽ魹ｽ魹ｽ魹ｽﾅｩ魹ｽﾆｿ魹ｽ,魹ｽ魹ｽ魹ｽ魹ｽﾆｯ魹ｽ魹ｽ魹ｽ魹ｽ 魹ｽ魹ｽ弇ｸ 魹ｽﾄｾﾏｵ魹ｽ 105-5 
80,魹ｽ魹ｽ魹ｽﾅｳ魹ｽ魹ｽ魹ｽ 魹ｽ魹ｽﾆｼ&魹ｽ魹ｽ魹ｽ魹ｽ,魹ｽ魹ｽ魹ｽ魹ｽﾆｯ魹ｽ魹ｽ魹ｽ魹ｽ 魹ｽ魹ｽ弇ｸ 魹ｽ魹ｽﾈｿ魹ｽ魹ｽ1魹ｽ魹ｽ 133-3 魹ｽ魹ｽﾃｾ魹ｽﾃｾ魹ｽ 魹ｽ魹ｽ魹ｽ 
81,魹ｽﾌｷ魹ｽ魹ｽGYM,魹ｽ魹ｽ魹ｽ魹ｽﾆｯ魹ｽ魹ｽ魹ｽ魹ｽ 魹ｽ魹ｽ弇ｸ 魹ｽ魹ｽﾈｿ魹ｽ魹ｽ1魹ｽ魹ｽ 39-6 魹ｽ魹ｽ魹ｽﾏｺ魹ｽ魹ｽ魹ｽ 
82,魹ｽﾆｸ魹ｽ魹ｽﾛｽ魹ｽ魹ｽ魹ｽ AP 魹ｽ魹ｽﾆｮ魹ｽﾏｽ魹ｽ,魹ｽ魹ｽ魹ｽ魹ｽﾆｯ魹ｽ魹ｽ魹ｽ魹ｽ 魹ｽ魹ｽ弇ｸ 魹ｽﾑｰ魹ｽ魹ｽ魹ｽ2魹ｽ魹ｽ 424 魹ｽﾆｸ魹ｽ魹ｽﾛｽ魹ｽ魹ｽ魹ｽ 
83,魹ｽ魹ｽ魹ｽ魹ｽ ﾆｮ魹ｽ魹ｽ魹ｽﾌｳ魹ｽ 魹ｽ魹ｽ(MY TRAINER GYM),魹ｽ魹ｽ魹ｽ魹ｽﾆｯ魹ｽ魹ｽ魹ｽ魹ｽ 魹ｽ魹ｽ弇ｸ 魹ｽ魹ｽ魹ｽﾂｿ魹ｽ魹ｽ魹ｽ 66-3 
84,BK FIT,魹ｽ魹ｽ魹ｽ魹ｽﾆｯ魹ｽ魹ｽ魹ｽ魹ｽ 魹ｽ魹ｽ弇ｸ 魹ｽ魹ｽ魹ｽﾂｿ魹ｽ魹ｽ魹ｽ 99-6 
85,魹ｽﾒｸ魹ｽ魹ｽ魹ｽ魹ｽ魹ｽ魹ｽ,魹ｽ魹ｽ魹ｽ魹ｽﾆｯ魹ｽ魹ｽ魹ｽ魹ｽ 魹ｽ魹ｽ弇ｸ 魹ｽﾑｰ魹ｽ魹ｽ魹ｽ3魹ｽ魹ｽ 98 
86,ROHE,魹ｽ魹ｽ魹ｽ魹ｽﾆｯ魹ｽ魹ｽ魹ｽ魹ｽ 魹ｽ魹ｽ弇ｸ 魹ｽﾑｳ魹ｽ魹ｽ魹ｽ 274-13 
87,魹ｽ魹ｽ魹ｽﾌｺ魹ｽ魹ｽﾌｾ魹ｽ魹ｽ魹ｽ魹ｽ魹ｽ 魹ｽ魹ｽﾆｼ魹ｽ魹ｽ,魹ｽ魹ｽ魹ｽ魹ｽﾆｯ魹ｽ魹ｽ魹ｽ魹ｽ 魹ｽ魹ｽ弇ｸ 魹ｽ魹ｽ魹ｽﾌｵ魹ｽ 301-10 e-魹ｽ魹ｽ魹ｽﾑｼ魹ｽ魹ｽ魹ｽﾎｾ魹ｽﾇｼ魹ｽ 
88,魹ｽﾎｼ魹ｽ魹ｽ魹ｽ魹ｽ魹ｽ 魹ｽ鬭ｺ&PT,魹ｽ魹ｽ魹ｽ魹ｽﾆｯ魹ｽ魹ｽ魹ｽ魹ｽ 魹ｽ魹ｽ弇ｸ 魹ｽ魹ｽ魹ｽﾂｿ魹ｽ魹ｽ魹ｽ 303-17 魹ｽ魹ｽ魹ｽ魹ｽ魹ｽﾇｿ魹ｽ 
89,F45 魹ｽﾅｿ魹ｽ魹ｽ,魹ｽ魹ｽ魹ｽ魹ｽﾆｯ魹ｽ魹ｽ魹ｽ魹ｽ 魹ｽ魹ｽ弇ｸ 魹ｽﾑｰ魹ｽ魹ｽ魹ｽ3魹ｽ魹ｽ 100 
90,魹ｽ魹ｽ魹ｽ魹ｽ魹ｽ魹ｽ 魹ｽ豨ｿ魹ｽ魹ｽ魹ｽ魹ｽ,魹ｽ魹ｽ魹ｽ魹ｽﾆｯ魹ｽ魹ｽ魹ｽ魹ｽ 魹ｽ魹ｽ弇ｸ 魹ｽ魹ｽ魹ｽ魹ｽ魹ｽ魹ｽ 23 魹ｽ魹ｽ魹ｽ魹ｽ魹ｽ魹ｽ魹ｽ䰗ｺ魹ｽ魹ｽ魹ｽﾌｾ魹ｽ 
91,魹ｽ魹ｽ魹ｽ魹ｽ魹ｽ魹ｽ魹ｽ魹ｽ PT STUDIO 魹ｽ魹ｽ魹ｽ,魹ｽ魹ｽ魹ｽ魹ｽﾆｯ魹ｽ魹ｽ魹ｽ魹ｽ 魹ｽ魹ｽ弇ｸ 魹ｽ魹ｽﾈｿ魹ｽ魹ｽ2魹ｽ魹ｽ 2-3 
92,魹ｽ魹ｽ魹ｽ魹ｽ,魹ｽ魹ｽ魹ｽ魹ｽﾆｯ魹ｽ魹ｽ魹ｽ魹ｽ 魹ｽ魹ｽ弇ｸ 魹ｽ欄ｮ魹ｽ魹ｽ 8-29 
93,魹ｽ魹ｽ魹ｽﾊｶ魹ｽ魹ｽﾗｽ魹ｽ&PT,魹ｽ魹ｽ魹ｽ魹ｽﾆｯ魹ｽ魹ｽ魹ｽ魹ｽ 魹ｽ魹ｽ弇ｸ 魹ｽ魹ｽﾃｵ魹ｽ魹ｽ 202 魹ｽ䰗ｺ魹ｽﾗｸ魹ｽﾆｮ 
94,魹ｽ魹ｽ魹ｽ魹ｽﾆｼ魹ｽ魹ｽ 魹ｽ欄ｮ,魹ｽ魹ｽ魹ｽ魹ｽﾆｯ魹ｽ魹ｽ魹ｽ魹ｽ 魹ｽ魹ｽ弇ｸ 魹ｽ魹ｽﾈｿ魹ｽ魹ｽ2魹ｽ魹ｽ 88-2 
